event_date,window_date,ar_scale,prism,pnnl,daymet,conus,ucla,gridmet
1989-11-09,1989-11-07,4.0,38.341678619384766,12.155367851257324,15.4900541305542,8.282615661621094,12.686344146728516,6.662840466926072
1989-11-09,1989-11-08,4.0,13.755898475646973,20.174564361572266,54.484161376953125,39.06895065307617,44.0450553894043,94.31381322957189
1989-11-09,1989-11-09,4.0,99.05728912353516,69.08441162109375,61.53437805175781,72.77976989746094,91.13590240478516,64.952140077821
1989-11-09,1989-11-10,4.0,,64.8537368774414,33.39942932128906,65.83016204833984,74.1953353881836,48.76634241245134
1989-11-09,1989-11-11,4.0,,0.9679697751998901,18.82054328918457,10.140419960021973,13.558849334716797,16.748638132295714
1989-11-09,1989-11-12,4.0,22.695499420166016,7.637532711029053,9.435579299926758,14.839659690856934,12.66698932647705,17.570038910505833
1989-11-09,1989-11-13,4.0,4.808931350708008,9.32823657989502,13.364668846130371,14.341976165771484,18.822412490844727,19.479571984435808
1989-11-09,1989-11-14,4.0,23.330698013305664,11.13421630859375,5.771047592163086,6.1569108963012695,7.56141996383667,0.9982490272373534
1990-11-09,1990-11-07,4.0,15.661211013793945,18.729623794555664,13.552157402038574,16.454513549804688,11.889836311340332,34.472373540856026
1990-11-09,1990-11-08,4.0,15.958704948425293,7.673418998718262,49.0595817565918,7.754878520965576,9.454946517944336,46.71692607003889
1990-11-09,1990-11-09,4.0,72.70894622802734,78.13927459716797,95.62078094482422,109.12344360351562,119.13127899169922,172.4945525291827
1990-11-09,1990-11-10,4.0,,93.81504821777344,47.59392547607422,81.49634552001953,75.44015502929688,38.32568093385212
1990-11-09,1990-11-11,4.0,,14.203060150146484,6.935086727142334,11.641141891479492,12.521904945373535,2.0677042801556405
1990-11-09,1990-11-12,4.0,,0.11351381242275238,27.9962100982666,4.491878158319196e-08,0.7191962599754333,28.505836575875467
1990-11-09,1990-11-13,4.0,,54.578407287597656,34.197628021240234,52.26564025878906,50.83196258544922,58.166926070038954
1990-11-09,1990-11-14,4.0,37.468631744384766,8.4454984664917,20.664167404174805,12.366666793823242,13.188469886779785,16.657782101167328
1990-11-24,1990-11-22,5.0,66.23300170898438,54.650394439697266,57.50481414794922,64.7183609008789,84.35044860839844,77.26848249027238
1990-11-24,1990-11-23,5.0,59.59267044067383,48.85634231567383,80.7025375366211,77.31169128417969,94.22506713867188,79.47470817120622
1990-11-24,1990-11-24,5.0,114.34066772460938,78.42183685302734,65.05133056640625,77.68160247802734,75.99019622802734,89.752140077821
1990-11-24,1990-11-25,5.0,59.52311325073242,18.921890258789062,15.849520683288574,11.279446601867676,17.00001335144043,8.252529182879382
1990-11-24,1990-11-26,5.0,8.029545783996582,0.30984026193618774,9.980279922485352,0.3433881998062134,2.8743975162506104,9.276264591439682
1990-11-24,1990-11-27,5.0,16.19939613342285,12.168928146362305,6.765407085418701,12.836858749389648,18.85622787475586,11.231712062256806
1990-11-24,1990-11-28,5.0,5.337587833404541,5.280186176300049,14.103209495544434,4.586157321929932,6.903922080993652,6.092023346303501
1990-11-24,1990-11-29,5.0,18.69399070739746,58.204811096191406,21.978792190551758,38.120540618896484,51.353614807128906,44.21575875486384
2009-01-08,2009-01-06,4.0,21.114368438720703,20.425514221191406,80.81063079833984,31.13169288635254,37.57908630371094,80.98871595330743
2009-01-08,2009-01-07,4.0,101.56299591064453,97.62925720214844,91.28340148925781,103.56344604492188,113.8020248413086,152.66731517509737
2009-01-08,2009-01-08,4.0,115.29409790039062,56.040283203125,25.482126235961914,47.55194091796875,51.74376678466797,52.909143968871554
2009-01-08,2009-01-09,4.0,29.595706939697266,2.8762083053588867,5.789454936981201,0.443518728017807,1.7556354999542236,2.305836575875487
2009-01-08,2009-01-10,4.0,5.11346960067749,23.440135955810547,15.474437713623047,8.483389854431152,24.99514389038086,20.079377431906597
2009-01-08,2009-01-11,4.0,15.802031517028809,28.739665985107422,8.956888198852539,8.679728507995605,17.198484420776367,6.12140077821012
2009-01-08,2009-01-12,4.0,11.385823249816895,0.784034252166748,6.434308052062988,0.2039009928703308,4.162928104400635,2.4832684824902747
2009-01-08,2009-01-13,4.0,8.36290454864502,0.9647207856178284,0.02608073316514492,0.10990829765796661,0.6330581307411194,0.005252918287937744
2025-12-11,2025-12-09,4.0,76.4718017578125,,,,,
2025-12-11,2025-12-10,4.0,26.76761245727539,,,,,
2025-12-11,2025-12-11,4.0,134.22865295410156,,,,,
2025-12-11,2025-12-12,4.0,19.9693660736084,,,,,
2025-12-11,2025-12-13,4.0,8.333900451660156,,,,,
2025-12-11,2025-12-14,4.0,0.10447319597005844,,,,,
2025-12-11,2025-12-15,4.0,14.815170288085938,,,,,
2025-12-11,2025-12-16,4.0,61.48349380493164,,,,,
1990-11-25,1990-11-23,5.0,59.59267044067383,48.85634231567383,80.7025375366211,77.31169128417969,94.22506713867188,79.47470817120622
1990-11-25,1990-11-24,5.0,114.34066772460938,78.42183685302734,65.05133056640625,77.68160247802734,75.99019622802734,89.752140077821
1990-11-25,1990-11-25,5.0,59.52311325073242,18.921890258789062,15.849520683288574,11.279446601867676,17.00001335144043,8.252529182879382
1990-11-25,1990-11-26,5.0,8.029545783996582,0.30984026193618774,9.980279922485352,0.3433881998062134,2.8743975162506104,9.276264591439682
1990-11-25,1990-11-27,5.0,16.19939613342285,12.168928146362305,6.765407085418701,12.836858749389648,18.85622787475586,11.231712062256806
1990-11-25,1990-11-28,5.0,5.337587833404541,5.280186176300049,14.103209495544434,4.586157321929932,6.903922080993652,6.092023346303501
1990-11-25,1990-11-29,5.0,18.69399070739746,58.204811096191406,21.978792190551758,38.120540618896484,51.353614807128906,44.21575875486384
1990-11-25,1990-11-30,5.0,22.507823944091797,11.042353630065918,16.551477432250977,13.904349327087402,21.589597702026367,5.627626459143969
2020-01-03,2020-01-01,2.0,63.4755973815918,66.81063079833984,,44.36857986450195,49.55636978149414,17.093385214007785
2020-01-03,2020-01-02,2.0,16.428186416625977,6.030543327331543,,7.553280830383301,10.28686237335205,17.7315175097276
2020-01-03,2020-01-03,2.0,17.257644653320312,49.53423309326172,,22.51813507080078,27.25523567199707,27.798638132295732
2020-01-03,2020-01-04,2.0,26.396482467651367,42.57793045043945,,31.360631942749023,34.95881652832031,15.719066147859923
2020-01-03,2020-01-05,2.0,15.037686347961426,22.916440963745117,,21.318866729736328,28.90812110900879,18.884046692607008
2020-01-03,2020-01-06,2.0,18.209665298461914,51.06821823120117,,51.03650665283203,49.258056640625,83.38677042801565
2020-01-03,2020-01-07,2.0,80.54058074951172,63.823211669921875,,61.07490921020508,52.99085235595703,41.53229571984435
2020-01-03,2020-01-08,2.0,39.734893798828125,22.211687088012695,,15.687710762023926,19.012746810913086,4.629571984435795
2003-11-19,2003-11-17,4.0,52.24590301513672,44.70418167114258,49.60443115234375,39.68232727050781,40.08086013793945,37.780739299610914
2003-11-19,2003-11-18,4.0,59.47830581665039,78.53173828125,83.69247436523438,91.32943725585938,94.30976867675781,103.64280155642018
2003-11-19,2003-11-19,4.0,93.93608856201172,54.94207000732422,29.238479614257812,66.65291595458984,69.5808334350586,52.531322957198476
2003-11-19,2003-11-20,4.0,21.265979766845703,9.760796546936035,6.6812896728515625,6.213313579559326,12.369961738586426,3.9484435797665363
2003-11-19,2003-11-21,4.0,3.6651053428649902,0.19737714529037476,0.3878505825996399,0.10195226967334747,0.3516813814640045,1.9408560311284058
2003-11-19,2003-11-22,4.0,1.1059242486953735,0.0380612313747406,0.00042831723112612963,0.003516733180731535,0.09996780008077621,4.16536964980545
2003-11-19,2003-11-23,4.0,4.704427719116211,2.9847469329833984,15.015971183776855,4.027215003967285,7.083542346954346,17.556031128404662
2003-11-19,2003-11-24,4.0,17.020639419555664,19.06062889099121,11.18090534210205,15.700845718383789,21.37554359436035,11.048832684824905
1995-11-10,1995-11-08,2.0,136.99310302734375,100.6982192993164,36.97810363769531,106.90462493896484,82.56059265136719,54.11303501945525
1995-11-10,1995-11-09,2.0,53.155582427978516,8.005505561828613,10.154735565185547,8.204270362854004,12.553014755249023,9.113618677042798
1995-11-10,1995-11-10,2.0,11.046426773071289,4.015412330627441,38.11521911621094,9.913532257080078,11.96411418914795,41.375486381322965
1995-11-10,1995-11-11,2.0,49.33175277709961,40.707515716552734,21.73887825012207,57.852359771728516,57.04679489135742,60.7714007782101
1995-11-10,1995-11-12,2.0,27.147104263305664,5.119863986968994,4.69905424118042,8.326391220092773,5.259387016296387,4.572568093385211
1995-11-10,1995-11-13,2.0,6.1507487297058105,20.098804473876953,25.044574737548828,9.89126205444336,17.499895095825195,29.577431906614787
1995-11-10,1995-11-14,2.0,30.281591415405273,25.79762840270996,2.5295934677124023,7.323119163513184,23.219318389892578,9.726264591439701
1995-11-10,1995-11-15,2.0,3.5929248332977295,13.733348846435547,13.670867919921875,10.757430076599121,11.590455055236816,12.78735408560312
2005-01-18,2005-01-16,4.0,9.960724830627441,24.56813621520996,27.587806701660156,22.90275764465332,23.956958770751953,14.011673151750989
2005-01-18,2005-01-17,4.0,21.805631637573242,50.729331970214844,60.744842529296875,50.81941604614258,51.90298080444336,89.47684824902728
2005-01-18,2005-01-18,4.0,76.96987915039062,85.43998718261719,52.552879333496094,61.01890182495117,70.52313995361328,41.755642023346326
2005-01-18,2005-01-19,4.0,,76.55398559570312,9.027483940124512,16.9966983795166,6.722381114959717,13.172178988326856
2005-01-18,2005-01-20,4.0,,69.20304870605469,12.86270809173584,17.75727653503418,10.387883186340332,13.70914396887159
2005-01-18,2005-01-21,4.0,17.24270248413086,4.858256816864014,6.623688697814941,2.2879369258880615,3.050713300704956,0.6120622568093378
2005-01-18,2005-01-22,4.0,4.392158508300781,6.9509477615356445,25.34905242919922,27.929113388061523,20.391759872436523,34.79785992217897
2005-01-18,2005-01-23,4.0,29.66507911682129,39.349456787109375,3.897122859954834,10.22469425201416,10.675031661987305,4.8628404669260705
2025-12-12,2025-12-10,4.0,26.76761245727539,,,,,
2025-12-12,2025-12-11,4.0,134.22865295410156,,,,,
2025-12-12,2025-12-12,4.0,19.9693660736084,,,,,
2025-12-12,2025-12-13,4.0,8.333900451660156,,,,,
2025-12-12,2025-12-14,4.0,0.10447319597005844,,,,,
2025-12-12,2025-12-15,4.0,14.815170288085938,,,,,
2025-12-12,2025-12-16,4.0,61.48349380493164,,,,,
2025-12-12,2025-12-17,4.0,59.10834503173828,,,,,
1982-02-15,1982-02-13,3.0,52.111083984375,68.57776641845703,54.99932861328125,72.30269622802734,72.72826385498047,107.91186770428016
1982-02-15,1982-02-14,3.0,72.36587524414062,76.23333740234375,37.50020980834961,65.92315673828125,52.15003204345703,55.52957198443585
1982-02-15,1982-02-15,3.0,55.016761779785156,62.485328674316406,30.199552536010742,51.48587417602539,42.46957778930664,25.74163424124514
1982-02-15,1982-02-16,3.0,43.08018112182617,43.6672248840332,19.174169540405273,39.3734245300293,34.7603645324707,25.59533073929961
1982-02-15,1982-02-17,3.0,24.546083450317383,30.00730323791504,7.609730243682861,19.918689727783203,22.477458953857422,29.975875486381337
1982-02-15,1982-02-18,3.0,4.176909446716309,16.523366928100586,26.922391891479492,25.421449661254883,33.4979133605957,27.199027237354088
1982-02-15,1982-02-19,3.0,36.99515914916992,53.86357498168945,26.14304542541504,11.658632278442383,18.687578201293945,23.441439688715956
1982-02-15,1982-02-20,3.0,29.507701873779297,27.90181541442871,13.777547836303711,34.69441223144531,37.84314727783203,25.739883268482473
1986-01-19,1986-01-17,4.0,42.25138854980469,42.50308609008789,50.56365203857422,37.11595916748047,38.014896392822266,43.78346303501942
1986-01-19,1986-01-18,4.0,59.090972900390625,67.3740005493164,58.345001220703125,79.83952331542969,80.25019073486328,105.08638132295717
1986-01-19,1986-01-19,4.0,73.5850830078125,30.726768493652344,5.784966945648193,22.931354522705078,25.727519989013672,4.427237354085605
1986-01-19,1986-01-20,4.0,2.1219186782836914,0.2925432026386261,2.8152103424072266,1.6746281385421753,1.686820149421692,0.6048638132295721
1986-01-19,1986-01-21,4.0,2.7097294330596924,1.5256222486495972,5.697642803192139,0.2767075002193451,1.2657063007354736,0.6817120622568101
1986-01-19,1986-01-22,4.0,3.6981544494628906,15.884739875793457,21.543861389160156,16.900249481201172,18.521913528442383,28.064202334630345
1986-01-19,1986-01-23,4.0,27.752378463745117,22.59376335144043,17.651931762695312,17.90205955505371,19.617176055908203,17.54980544747081
1986-01-19,1986-01-24,4.0,18.058218002319336,6.316030025482178,1.0957368612289429,3.633678436279297,4.891269683837891,0.0955252918287938
1983-01-10,1983-01-08,2.0,61.10853576660156,61.36062240600586,28.850374221801758,58.24464797973633,65.36751556396484,35.44630350194553
1983-01-10,1983-01-09,2.0,14.286731719970703,37.900211334228516,81.23699951171875,34.32376480102539,50.173431396484375,59.38112840466922
1983-01-10,1983-01-10,2.0,98.72607421875,99.08688354492188,30.915969848632812,89.19176483154297,97.27177429199219,43.847859922179005
1983-01-10,1983-01-11,2.0,16.940929412841797,10.791062355041504,0.01491924375295639,1.7068465948104858,4.628486633300781,0.5116731517509728
1983-01-10,1983-01-12,2.0,0.0006130951805971563,0.7699787020683289,11.787436485290527,0.006368462927639484,0.057724010199308395,0.36459143968871693
1983-01-10,1983-01-13,2.0,8.751199722290039,21.661861419677734,0.0,7.151879787445068,6.7459187507629395,2.9945525291828816
1983-01-10,1983-01-14,2.0,0.021021826192736626,1.98600537260063e-05,0.1472099870443344,6.111960374255432e-06,0.0002914740180131048,0.0
1983-01-10,1983-01-15,2.0,1.2665542364120483,1.1068581443396397e-05,0.000452253851108253,1.3336733672986156e-06,0.0,0.07217898832684826
1982-02-16,1982-02-14,3.0,72.36587524414062,76.23333740234375,37.50020980834961,65.92315673828125,52.15003204345703,55.52957198443585
1982-02-16,1982-02-15,3.0,55.016761779785156,62.485328674316406,30.199552536010742,51.48587417602539,42.46957778930664,25.74163424124514
1982-02-16,1982-02-16,3.0,43.08018112182617,43.6672248840332,19.174169540405273,39.3734245300293,34.7603645324707,25.59533073929961
1982-02-16,1982-02-17,3.0,24.546083450317383,30.00730323791504,7.609730243682861,19.918689727783203,22.477458953857422,29.975875486381337
1982-02-16,1982-02-18,3.0,4.176909446716309,16.523366928100586,26.922391891479492,25.421449661254883,33.4979133605957,27.199027237354088
1982-02-16,1982-02-19,3.0,36.99515914916992,53.86357498168945,26.14304542541504,11.658632278442383,18.687578201293945,23.441439688715956
1982-02-16,1982-02-20,3.0,29.507701873779297,27.90181541442871,13.777547836303711,34.69441223144531,37.84314727783203,25.739883268482473
1982-02-16,1982-02-21,3.0,13.60346794128418,7.062098503112793,4.417734146118164,4.919713497161865,8.507089614868164,3.2863813229571983
1995-11-08,1995-11-06,3.0,20.71788787841797,9.542532920837402,11.742132186889648,6.9352946281433105,10.500650405883789,18.444941634241264
1995-11-08,1995-11-07,3.0,12.44388198852539,35.037872314453125,95.41199493408203,50.94411849975586,45.106353759765625,127.21342412451355
1995-11-08,1995-11-08,3.0,136.99310302734375,100.6982192993164,36.97810363769531,106.90462493896484,82.56059265136719,54.11303501945525
1995-11-08,1995-11-09,3.0,53.155582427978516,8.005505561828613,10.154735565185547,8.204270362854004,12.553014755249023,9.113618677042798
1995-11-08,1995-11-10,3.0,11.046426773071289,4.015412330627441,38.11521911621094,9.913532257080078,11.96411418914795,41.375486381322965
1995-11-08,1995-11-11,3.0,49.33175277709961,40.707515716552734,21.73887825012207,57.852359771728516,57.04679489135742,60.7714007782101
1995-11-08,1995-11-12,3.0,27.147104263305664,5.119863986968994,4.69905424118042,8.326391220092773,5.259387016296387,4.572568093385211
1995-11-08,1995-11-13,3.0,6.1507487297058105,20.098804473876953,25.044574737548828,9.89126205444336,17.499895095825195,29.577431906614787
2021-11-15,2021-11-13,4.0,43.30366516113281,,,6.6961822509765625,1.5417665243148804,43.33618677042801
2021-11-15,2021-11-14,4.0,44.18309783935547,,,52.51072311401367,53.066959381103516,78.62976653696505
2021-11-15,2021-11-15,4.0,80.05042266845703,,,64.42571258544922,56.50697708129883,51.32412451361866
2021-11-15,2021-11-16,4.0,52.69261932373047,,,10.579686164855957,6.965970516204834,4.823540856031126
2021-11-15,2021-11-17,4.0,5.024326324462891,,,0.056779686361551285,0.024643879383802414,1.037743190661478
2021-11-15,2021-11-18,4.0,1.0938652753829956,,,3.1786601543426514,4.973337173461914,11.059143968871608
2021-11-15,2021-11-19,4.0,11.318923950195312,,,10.04186725616455,14.667288780212402,1.7107003891050587
2021-11-15,2021-11-20,4.0,1.8372797966003418,,,0.046532973647117615,0.08584003150463104,0.17276264591439686
1986-11-24,1986-11-22,3.0,25.684255599975586,29.58475685119629,33.02638244628906,22.31855010986328,22.901805877685547,33.89513618677042
1986-11-24,1986-11-23,3.0,47.496246337890625,75.69075012207031,69.99456787109375,87.81488800048828,83.53013610839844,104.19105058365757
1986-11-24,1986-11-24,3.0,91.30929565429688,34.69904327392578,10.957616806030273,35.45219802856445,38.57247543334961,14.731128404669255
1986-11-24,1986-11-25,3.0,3.2229888439178467,0.2781941592693329,16.69609260559082,0.5292579531669617,13.0237455368042,15.582684824902712
1986-11-24,1986-11-26,3.0,21.956031799316406,16.202404022216797,22.925857543945312,12.835624694824219,25.084569931030273,31.639494163424114
1986-11-24,1986-11-27,3.0,26.555816650390625,30.954299926757812,7.971939563751221,22.78522491455078,25.151025772094727,19.59435797665369
1986-11-24,1986-11-28,3.0,3.3573408126831055,1.705110788345337,0.17592298984527588,3.040659189224243,1.392208218574524,0.30330739299610904
1986-11-24,1986-11-29,3.0,0.37970826029777527,0.00010157052020076662,0.0,0.11506861448287964,0.010548494756221771,0.27140077821011704
1988-10-16,1988-10-14,4.0,27.62955665588379,31.101720809936523,38.29353332519531,29.679046630859375,27.100862503051758,51.30252918287942
1988-10-16,1988-10-15,4.0,60.12412643432617,37.76771926879883,48.86970520019531,32.97941970825195,24.226369857788086,52.02023346303503
1988-10-16,1988-10-16,4.0,75.57711791992188,27.688817977905273,33.4442024230957,53.72440719604492,47.360923767089844,50.35914396887152
1988-10-16,1988-10-17,4.0,19.852476119995117,0.02442159503698349,0.3882547616958618,0.00932504516094923,0.08674045652151108,8.058560311284042
1988-10-16,1988-10-18,4.0,0.87347811460495,3.576785087585449,13.653929710388184,4.691522121429443,5.9297075271606445,9.257976653696497
1988-10-16,1988-10-19,4.0,15.495105743408203,10.166269302368164,6.873650074005127,1.7883057594299316,7.937946319580078,2.3124513618677023
1988-10-16,1988-10-20,4.0,2.9262750148773193,1.0099656581878662,0.30224159359931946,0.3082720935344696,2.028912305831909,1.4120622568093388
1988-10-16,1988-10-21,4.0,0.008208333514630795,7.6845784187316895,7.9799370765686035,7.635958671569824,4.7833662033081055,10.468093385214008
2025-12-13,2025-12-11,4.0,134.22865295410156,,,,,
2025-12-13,2025-12-12,4.0,19.9693660736084,,,,,
2025-12-13,2025-12-13,4.0,8.333900451660156,,,,,
2025-12-13,2025-12-14,4.0,0.10447319597005844,,,,,
2025-12-13,2025-12-15,4.0,14.815170288085938,,,,,
2025-12-13,2025-12-16,4.0,61.48349380493164,,,,,
2025-12-13,2025-12-17,4.0,59.10834503173828,,,,,
2025-12-13,2025-12-18,4.0,21.46825408935547,,,,,
2021-11-16,2021-11-14,0.0,44.18309783935547,,,52.51072311401367,53.066959381103516,78.62976653696505
2021-11-16,2021-11-15,0.0,80.05042266845703,,,64.42571258544922,56.50697708129883,51.32412451361866
2021-11-16,2021-11-16,0.0,52.69261932373047,,,10.579686164855957,6.965970516204834,4.823540856031126
2021-11-16,2021-11-17,0.0,5.024326324462891,,,0.056779686361551285,0.024643879383802414,1.037743190661478
2021-11-16,2021-11-18,0.0,1.0938652753829956,,,3.1786601543426514,4.973337173461914,11.059143968871608
2021-11-16,2021-11-19,0.0,11.318923950195312,,,10.04186725616455,14.667288780212402,1.7107003891050587
2021-11-16,2021-11-20,0.0,1.8372797966003418,,,0.046532973647117615,0.08584003150463104,0.17276264591439686
2021-11-16,2021-11-21,0.0,0.19048365950584412,,,0.0015233572339639068,0.01192365400493145,0.1517509727626459
2010-12-14,2010-12-12,0.0,50.08632278442383,81.37187957763672,69.51058959960938,97.48014831542969,89.88153839111328,80.85875486381318
2010-12-14,2010-12-13,0.0,83.9609603881836,1.6241267919540405,16.974979400634766,10.610517501831055,4.508294582366943,23.24027237354087
2010-12-14,2010-12-14,0.0,17.1396484375,31.265596389770508,18.293285369873047,21.058090209960938,24.482301712036133,17.395914396887168
2010-12-14,2010-12-15,0.0,17.42946434020996,20.390865325927734,7.337460517883301,10.034899711608887,17.905847549438477,4.0231517509727635
2010-12-14,2010-12-16,0.0,6.131701946258545,2.577974796295166,0.26145246624946594,2.830240249633789,6.112115383148193,0.9107003891050587
2010-12-14,2010-12-17,0.0,1.7293587923049927,0.09424404799938202,0.2008553296327591,0.029495449736714363,0.07750312983989716,0.5984435797665368
2010-12-14,2010-12-18,0.0,3.513096570968628,4.833831787109375,3.6762712001800537,5.217315673828125,4.6369404792785645,1.9009727626459139
2010-12-14,2010-12-19,0.0,2.8849642276763916,5.427175521850586,2.24945068359375,3.570101737976074,2.0312869548797607,2.7301556420233455
1995-02-21,1995-02-19,0.0,88.84004974365234,81.96661376953125,38.310546875,52.653038024902344,51.37177276611328,52.81673151750977
1995-02-21,1995-02-20,0.0,35.3404655456543,54.42232894897461,21.08742332458496,32.56886291503906,40.26397705078125,17.48949416342412
1995-02-21,1995-02-21,0.0,20.496017456054688,12.281953811645508,3.669447898864746,7.604427337646484,10.426359176635742,1.9361867704280136
1995-02-21,1995-02-22,0.0,0.5144960880279541,0.043284036219120026,0.0,0.004327994771301746,0.40259289741516113,0.0
1995-02-21,1995-02-23,0.0,0.08976983278989792,6.468827632488683e-05,0.19046898186206818,4.906214962829836e-05,0.0007330446969717741,2.396692607003889
1995-02-21,1995-02-24,0.0,0.1709146797657013,17.62700653076172,6.012081623077393,3.3606698513031006,5.357832431793213,9.488910505836563
1995-02-21,1995-02-25,0.0,12.129899978637695,9.814797401428223,3.092560052871704,4.266529083251953,4.1069769859313965,0.44688715953307373
1995-02-21,1995-02-26,0.0,0.105448417365551,0.007165293674916029,0.0,0.003531635971739888,0.03965417668223381,0.0
2015-11-14,2015-11-12,0.0,10.2763671875,5.941991806030273,40.94731903076172,11.869144439697266,18.533761978149414,39.670233463035004
2015-11-14,2015-11-13,0.0,45.48520278930664,90.84355926513672,70.48869323730469,94.49342346191406,93.6643295288086,91.84766536964986
2015-11-14,2015-11-14,0.0,87.17820739746094,14.264820098876953,31.705551147460938,21.108308792114258,19.19876480102539,36.74163424124516
2015-11-14,2015-11-15,0.0,34.948516845703125,15.365760803222656,9.453686714172363,25.422407150268555,16.44625473022461,12.072373540856029
2015-11-14,2015-11-16,0.0,10.798062324523926,3.5859737396240234,30.936962127685547,5.214381217956543,7.665447235107422,29.55116731517511
2015-11-14,2015-11-17,0.0,35.26398468017578,94.49943542480469,67.77949523925781,97.27458953857422,98.51399230957031,93.19338521400779
2015-11-14,2015-11-18,0.0,84.75688171386719,6.651562690734863,7.135495662689209,4.567861080169678,11.311441421508789,4.164591439688713
2015-11-14,2015-11-19,0.0,3.3618083000183105,2.934375524520874,0.18654845654964447,0.4441353380680084,0.09234335273504257,0.45739299610895
2020-01-08,2020-01-06,0.0,18.209665298461914,51.06821823120117,,51.03650665283203,49.258056640625,83.38677042801565
2020-01-08,2020-01-07,0.0,80.54058074951172,63.823211669921875,,61.07490921020508,52.99085235595703,41.53229571984435
2020-01-08,2020-01-08,0.0,39.734893798828125,22.211687088012695,,15.687710762023926,19.012746810913086,4.629571984435795
2020-01-08,2020-01-09,0.0,4.628461837768555,0.2517145276069641,,1.9546833038330078,4.289700984954834,2.4571984435797636
2020-01-08,2020-01-10,0.0,2.499648332595825,25.32177734375,,25.713211059570312,28.973236083984375,28.73210116731517
2020-01-08,2020-01-11,0.0,27.576908111572266,26.15584373474121,,22.930898666381836,21.654516220092773,17.744163424124515
2020-01-08,2020-01-12,0.0,17.521921157836914,28.297645568847656,,27.720924377441406,23.839881896972656,21.81828793774319
2020-01-08,2020-01-13,0.0,21.56520652770996,3.279337167739868,,4.263323783874512,5.1687822341918945,2.484435797665371
1995-11-26,1995-11-24,0.0,45.68806838989258,19.259132385253906,32.90196990966797,13.839959144592285,19.75181770324707,46.100583657587556
1995-11-26,1995-11-25,0.0,43.041351318359375,38.579994201660156,21.891395568847656,37.65538024902344,43.16980743408203,30.01595330739301
1995-11-26,1995-11-26,0.0,24.164325714111328,20.4099063873291,12.159219741821289,17.8159122467041,22.39111328125,28.691439688715946
1995-11-26,1995-11-27,0.0,,10.11292839050293,32.75210952758789,17.348909378051758,18.05958366394043,52.389494163424104
1995-11-26,1995-11-28,0.0,,55.2972297668457,84.09309387207031,62.755043029785156,76.7601547241211,80.71614785992216
1995-11-26,1995-11-29,0.0,115.18624877929688,118.02203369140625,48.02201843261719,99.05876159667969,104.73899841308594,64.75894941634238
1995-11-26,1995-11-30,0.0,64.243896484375,33.13687515258789,13.726378440856934,26.98296546936035,29.161418914794922,12.092412451361874
1995-11-26,1995-12-01,0.0,16.55371856689453,34.607261657714844,13.595595359802246,16.714908599853516,21.815139770507812,11.348054474708164
1988-04-08,1988-04-06,0.0,110.70783233642578,57.932029724121094,44.675209045410156,50.40348815917969,50.21955108642578,41.509533073929916
1988-04-08,1988-04-07,0.0,22.307973861694336,12.665229797363281,9.589986801147461,10.779707908630371,11.164567947387695,3.3295719844357996
1988-04-08,1988-04-08,0.0,3.4377596378326416,1.7566730976104736,1.3186964988708496,5.16318416595459,3.2868363857269287,0.8760700389105062
1988-04-08,1988-04-09,0.0,0.9533652663230896,0.00025406270287930965,0.0,0.019625160843133926,0.003259853459894657,0.356614785992218
1988-04-08,1988-04-10,0.0,0.28868451714515686,5.6067998229991645e-05,0.0,0.0,1.3078962183499243e-05,0.030155642023346328
1988-04-08,1988-04-11,0.0,0.7218055725097656,2.9271039238665253e-05,0.0,7.041356866466231e-07,0.0004764478944707662,0.0
1988-04-08,1988-04-12,0.0,0.0,0.0004557695356197655,0.0,0.0,0.0002571417426224798,0.0
1988-04-08,1988-04-13,0.0,0.2261904776096344,0.052794281393289566,0.0,1.00480055809021,2.773036479949951,0.0
1990-10-06,1990-10-04,0.0,79.67908477783203,51.86565017700195,47.69413375854492,67.05416870117188,82.74647521972656,46.654280155641985
1990-10-06,1990-10-05,0.0,44.91387176513672,15.459720611572266,16.219146728515625,17.200342178344727,21.078336715698242,3.7474708171206212
1990-10-06,1990-10-06,0.0,3.3957698345184326,0.0678553655743599,1.3794745206832886,0.19184571504592896,0.29825833439826965,0.0
1990-10-06,1990-10-07,0.0,0.02266666665673256,0.0009667867561802268,0.0,0.06612706929445267,0.37809744477272034,0.0
1990-10-06,1990-10-08,0.0,0.7714345455169678,0.0002957695978693664,0.0,0.0003157099708914757,0.21211543679237366,3.636186770428015
1990-10-06,1990-10-09,0.0,0.090815469622612,1.0742123126983643,12.506827354431152,11.029801368713379,12.705778121948242,17.672373540856043
1990-10-06,1990-10-10,0.0,23.002342224121094,12.678522109985352,5.23586368560791,7.13194465637207,5.9412922859191895,1.8675097276264576
1990-10-06,1990-10-11,0.0,0.5611806511878967,0.007336284965276718,13.388335227966309,0.46705853939056396,0.29957348108291626,17.426459143968877
2011-01-18,2011-01-16,0.0,40.93997573852539,53.99032211303711,63.065128326416016,52.571109771728516,33.27785110473633,92.34241245136185
2011-01-18,2011-01-17,0.0,70.92076873779297,35.42202377319336,13.244303703308105,48.61024856567383,42.345703125,38.28599221789885
2011-01-18,2011-01-18,0.0,15.223251342773438,1.1866381168365479,4.389353275299072,2.541522979736328,3.6503047943115234,3.026070038910508
2011-01-18,2011-01-19,0.0,4.505856037139893,0.02372784912586212,2.413360118865967,0.11318700760602951,0.18372079730033875,0.015953307392996108
2011-01-18,2011-01-20,0.0,2.152585744857788,13.550397872924805,14.224342346191406,5.639578342437744,9.59363079071045,9.98229571984436
2011-01-18,2011-01-21,0.0,13.786222457885742,23.916887283325195,20.633981704711914,19.321626663208008,28.142648696899414,32.520428015564214
2011-01-18,2011-01-22,0.0,23.933618545532227,1.7050272226333618,3.3266258239746094,1.3143655061721802,3.442296266555786,2.507782101167316
2011-01-18,2011-01-23,0.0,4.114851951599121,1.4658185243606567,4.367372035980225,0.8803027272224426,1.2406260967254639,2.6706225680933855
2020-01-09,2020-01-07,0.0,80.54058074951172,63.823211669921875,,61.07490921020508,52.99085235595703,41.53229571984435
2020-01-09,2020-01-08,0.0,39.734893798828125,22.211687088012695,,15.687710762023926,19.012746810913086,4.629571984435795
2020-01-09,2020-01-09,0.0,4.628461837768555,0.2517145276069641,,1.9546833038330078,4.289700984954834,2.4571984435797636
2020-01-09,2020-01-10,0.0,2.499648332595825,25.32177734375,,25.713211059570312,28.973236083984375,28.73210116731517
2020-01-09,2020-01-11,0.0,27.576908111572266,26.15584373474121,,22.930898666381836,21.654516220092773,17.744163424124515
2020-01-09,2020-01-12,0.0,17.521921157836914,28.297645568847656,,27.720924377441406,23.839881896972656,21.81828793774319
2020-01-09,2020-01-13,0.0,21.56520652770996,3.279337167739868,,4.263323783874512,5.1687822341918945,2.484435797665371
2020-01-09,2020-01-14,0.0,2.5128626823425293,0.49649694561958313,,0.31301745772361755,0.26941508054733276,12.243579766536959
2011-11-25,2011-11-23,0.0,76.75788879394531,59.46561050415039,27.265554428100586,55.82979202270508,45.239627838134766,52.8466926070039
2011-11-25,2011-11-24,0.0,30.42765235900879,5.306765556335449,15.753584861755371,9.765423774719238,10.690324783325195,8.778210116731511
2011-11-25,2011-11-25,0.0,16.432668685913086,23.139192581176758,7.5985589027404785,15.86064624786377,21.140914916992188,13.96303501945525
2011-11-25,2011-11-26,0.0,6.946994304656982,27.04835319519043,28.029056549072266,3.129018545150757,13.079721450805664,15.934241245136192
2011-11-25,2011-11-27,0.0,33.89939880371094,52.261478424072266,36.67850112915039,36.276615142822266,47.06586837768555,63.79571984435795
2011-11-25,2011-11-28,0.0,44.587791442871094,2.9093148708343506,3.509920835494995,2.304969310760498,2.600446939468384,8.383852140077828
2011-11-25,2011-11-29,0.0,2.4311916828155518,1.6081161499023438,5.631343364715576,0.22200439870357513,2.5985805988311768,6.104669260700391
2011-11-25,2011-11-30,0.0,5.380573749542236,5.751115322113037,0.09123389422893524,9.996905326843262,12.846724510192871,3.774513618677042
2014-01-14,2014-01-12,0.0,51.96857452392578,30.71059226989746,36.429805755615234,28.34099578857422,33.469425201416016,42.847276264591464
2014-01-14,2014-01-13,0.0,44.10087203979492,30.60141944885254,25.08233642578125,26.68279266357422,28.098575592041016,25.16128404669262
2014-01-14,2014-01-14,0.0,26.736095428466797,3.201981782913208,4.410348415374756,2.55295729637146,3.432695150375366,2.792801556420232
2014-01-14,2014-01-15,0.0,2.610222816467285,0.13937512040138245,0.03968408331274986,0.0001882232609204948,0.10452301800251007,0.22062256809338537
2014-01-14,2014-01-16,0.0,0.3625595271587372,0.0276136863976717,0.0,0.0001564688136568293,0.02439195290207863,0.0062256809338521405
2014-01-14,2014-01-17,0.0,0.02847817726433277,0.0,0.0,0.0001255067763850093,0.0024927877821028233,0.0
2014-01-14,2014-01-18,0.0,0.05034523829817772,6.298342213995056e-06,0.0,7.037448813207448e-05,0.019733350723981857,0.0
2014-01-14,2014-01-19,0.0,0.0,0.006048025097697973,0.0,0.0003530176472850144,0.09247449040412903,0.0
2004-12-12,2004-12-10,0.0,36.42142105102539,70.48548126220703,69.02188873291016,74.50979614257812,39.31330490112305,85.2523346303501
2004-12-12,2004-12-11,0.0,81.6991195678711,27.202768325805664,3.942841053009033,32.076881408691406,27.918991088867188,16.777431906614783
2004-12-12,2004-12-12,0.0,3.146799325942993,6.718850636389107e-05,0.12546542286872864,0.0,0.0,0.002334630350194553
2004-12-12,2004-12-13,0.0,2.4323112964630127,5.002922058105469,14.576831817626953,4.327859878540039,7.302125930786133,12.51459143968871
2004-12-12,2004-12-14,0.0,19.705842971801758,31.181039810180664,17.040264129638672,39.27210235595703,33.60150909423828,21.965175097276266
2004-12-12,2004-12-15,0.0,23.614349365234375,10.125467300415039,0.48371621966362,6.264520645141602,7.725895404815674,2.0050583657587526
2004-12-12,2004-12-16,0.0,1.018176794052124,0.008032125420868397,0.28882089257240295,0.027801284566521645,0.028598006814718246,0.33852140077821113
2004-12-12,2004-12-17,0.0,0.13588491082191467,0.12445059418678284,4.189113616943359,0.6831729412078857,2.8064868450164795,0.34377431906614936
2017-12-20,2017-12-18,0.0,46.458003997802734,36.913482666015625,24.746967315673828,40.299964904785156,42.46165466308594,25.72276264591439
2017-12-20,2017-12-19,0.0,25.499170303344727,22.19378662109375,33.567832946777344,41.963382720947266,43.28771209716797,43.858171206225734
2017-12-20,2017-12-20,0.0,42.47605514526367,7.925498962402344,0.22566717863082886,10.461496353149414,8.492544174194336,1.0507782101167318
2017-12-20,2017-12-21,0.0,1.097221851348877,0.008804086595773697,3.5160412788391113,0.001356052584014833,0.027174346148967743,1.4338521400778206
2017-12-20,2017-12-22,0.0,1.4497994184494019,1.805717945098877,0.29048678278923035,2.163285255432129,2.550689697265625,1.0142023346303501
2017-12-20,2017-12-23,0.0,1.0678951740264893,0.007375935558229685,0.06558313220739365,0.006059393286705017,0.03434286639094353,0.3918287937743191
2017-12-20,2017-12-24,0.0,0.4582102596759796,0.3122917115688324,3.1118221282958984,2.7832797059090808e-05,0.0009849703637883067,1.8645914396887149
2017-12-20,2017-12-25,0.0,1.714688777923584,12.649182319641113,1.6273380517959595,2.6451053619384766,3.6276938915252686,1.5889105058365756
2020-02-03,2020-02-01,0.0,74.70821380615234,72.76637268066406,,58.53514862060547,62.907073974609375,36.411284046692586
2020-02-03,2020-02-02,0.0,34.114864349365234,3.4645349979400635,,1.9771279096603394,4.307920455932617,1.8840466926070034
2020-02-03,2020-02-03,0.0,1.8162481784820557,3.7854201793670654,,1.8496134281158447,4.679035186767578,2.572957198443579
2020-02-03,2020-02-04,0.0,2.524641513824463,2.6289525032043457,,5.930675983428955,10.538591384887695,17.268871595330726
2020-02-03,2020-02-05,0.0,16.5578670501709,44.055233001708984,,46.56193923950195,58.556671142578125,32.978210116731525
2020-02-03,2020-02-06,0.0,31.738330841064453,35.88838195800781,,38.520015716552734,48.30633544921875,25.74571984435796
2020-02-03,2020-02-07,0.0,24.586606979370117,12.204442977905273,,12.718791007995605,20.05418586730957,34.296887159533064
2020-02-03,2020-02-08,0.0,32.50136184692383,39.36884689331055,,28.344009399414062,30.971010208129883,9.698638132295713
2014-03-06,2014-03-04,0.0,38.19184875488281,38.3602294921875,28.103904724121094,23.936513900756836,21.43832778930664,33.09766536964978
2014-03-06,2014-03-05,0.0,31.656749725341797,17.81524658203125,32.64863586425781,26.149005889892578,29.11598014831543,43.579571984435795
2014-03-06,2014-03-06,0.0,39.737205505371094,31.244958877563477,26.554990768432617,46.330196380615234,41.02077102661133,37.301361867704316
2014-03-06,2014-03-07,0.0,37.93508529663086,13.829385757446289,2.4283347129821777,6.690742492675781,11.707756042480469,2.04727626459144
2014-03-06,2014-03-08,0.0,3.480959892272949,5.257091999053955,45.71623229980469,8.539466857910156,11.239656448364258,57.59980544747079
2014-03-06,2014-03-09,0.0,54.25101089477539,44.75042724609375,12.471850395202637,41.00362777709961,37.817054748535156,13.365953307393005
2014-03-06,2014-03-10,0.0,14.787904739379883,1.2487139701843262,4.276480674743652,4.070703983306885,7.506223201751709,4.135408560311285
2014-03-06,2014-03-11,0.0,6.655370235443115,1.4644542932510376,0.008436901494860649,0.2124897837638855,0.6779998540878296,0.01673151750972763
1994-10-29,1994-10-27,0.0,62.35484313964844,33.45442199707031,24.781044006347656,28.038745880126953,13.083727836608887,40.49085603112845
1994-10-29,1994-10-28,0.0,26.887235641479492,10.76679801940918,12.3661470413208,11.250906944274902,21.1774959564209,13.180933852140083
1994-10-29,1994-10-29,0.0,15.723749160766602,4.512612342834473,7.785988807678223,1.555942177772522,2.6832101345062256,3.299610894941635
1994-10-29,1994-10-30,0.0,7.8243536949157715,11.06641674041748,18.624616622924805,10.244285583496094,14.758265495300293,23.887743190661478
1994-10-29,1994-10-31,0.0,36.839359283447266,26.603717803955078,40.26560592651367,36.65269088745117,40.84848403930664,61.51381322957195
1994-10-29,1994-11-01,0.0,45.599605560302734,27.579418182373047,11.958209037780762,18.710912704467773,20.39529800415039,14.565175097276265
1994-10-29,1994-11-02,0.0,15.148187637329102,1.8226903676986694,4.02034330368042,7.351121425628662,3.493284225463867,5.017315175097277
1994-10-29,1994-11-03,0.0,1.2701877355575562,0.004017160274088383,14.231889724731445,0.08500510454177856,0.058742135763168335,9.151167315175098
1991-12-07,1991-12-05,0.0,12.92800521850586,38.900428771972656,41.309974670410156,47.50026321411133,42.573490142822266,68.1328793774319
1991-12-07,1991-12-06,0.0,66.33277130126953,42.07944869995117,23.500837326049805,25.256990432739258,26.230453491210938,23.238910505836568
1991-12-07,1991-12-07,0.0,21.310211181640625,12.55943775177002,23.139209747314453,11.05431079864502,20.24160385131836,20.637548638132298
1991-12-07,1991-12-08,0.0,35.71453094482422,32.80268859863281,29.59735679626465,20.610187530517578,36.677650451660156,41.44571984435802
1991-12-07,1991-12-09,0.0,40.46059036254883,40.808807373046875,14.682619094848633,30.90057945251465,40.908172607421875,32.744163424124515
1991-12-07,1991-12-10,0.0,11.96738338470459,1.0713708400726318,17.451623916625977,2.4165735244750977,8.134697914123535,6.657198443579769
1991-12-07,1991-12-11,0.0,23.218978881835938,27.329730987548828,17.197359085083008,36.981361389160156,44.12739181518555,38.26575875486383
1991-12-07,1991-12-12,0.0,22.165668487548828,31.55358123779297,13.605694770812988,27.453460693359375,37.93464660644531,18.654474708171193
1996-11-29,1996-11-27,0.0,21.45380210876465,46.60856628417969,51.9890022277832,40.08711242675781,52.81324768066406,77.85252918287935
1996-11-29,1996-11-28,0.0,67.14791870117188,44.76071548461914,9.178143501281738,35.3794059753418,34.60194778442383,14.36517509727627
1996-11-29,1996-11-29,0.0,10.984967231750488,0.2321179062128067,6.195151329040527,0.14076559245586395,1.092538595199585,2.3595330739299603
1996-11-29,1996-11-30,0.0,4.819106101989746,23.627796173095703,24.150300979614258,19.8038387298584,17.881977081298828,33.81284046692603
1996-11-29,1996-12-01,0.0,28.901531219482422,51.63070297241211,15.469844818115234,29.4713191986084,40.993438720703125,23.08015564202332
1996-11-29,1996-12-02,0.0,18.014820098876953,14.175800323486328,13.754359245300293,20.083690643310547,19.836090087890625,13.113618677042819
1996-11-29,1996-12-03,0.0,17.357938766479492,15.956104278564453,2.600708484649658,10.76307487487793,6.796364784240723,13.639688715953312
1996-11-29,1996-12-04,0.0,1.878259539604187,30.210357666015625,36.769744873046875,42.846012115478516,37.01125717163086,34.1601167315175
2014-02-19,2014-02-17,0.0,32.298377990722656,31.7603816986084,24.38542366027832,40.81840133666992,44.68933868408203,26.576459143968872
2014-02-19,2014-02-18,0.0,27.717885971069336,32.69378662109375,36.17283248901367,36.37343978881836,34.7883415222168,42.05369649805446
2014-02-19,2014-02-19,0.0,38.67018127441406,25.70305061340332,15.157148361206055,17.655332565307617,19.28489112854004,16.236381322957204
2014-02-19,2014-02-20,0.0,15.624838829040527,21.680158615112305,13.920642852783203,18.27216148376465,18.22600555419922,16.26634241245135
2014-02-19,2014-02-21,0.0,15.841482162475586,3.63216233253479,4.902034282684326,6.4194841384887695,5.977400302886963,3.326653696498052
2014-02-19,2014-02-22,0.0,4.7356157302856445,1.1913906335830688,15.595081329345703,4.756448268890381,4.072054386138916,13.835603112840476
2014-02-19,2014-02-23,0.0,12.984977722167969,8.228808403015137,22.38043975830078,24.28841209411621,23.134756088256836,23.562062256809376
2014-02-19,2014-02-24,0.0,21.837810516357422,6.895280838012695,18.30605697631836,20.913116455078125,8.523431777954102,19.276848249027253
