datetime,prism,daymet,conus,ucla,gridmet
2021-11-12,42.07558049663303,36.18488693237305,51.16783142089844,76.14384460449219,42.62957198443581
2021-11-13,84.50506195921743,74.67866134643555,57.864013671875,77.68561112880707,85.96575875486383
2021-11-14,128.03646961452856,134.0013427734375,110.37473678588867,130.75257050991058,164.5955252918289
2021-11-15,206.16401552926058,176.6096649169922,174.8004493713379,187.2595475912094,215.91964980544756
2021-11-16,257.6043740996439,183.39812707901,185.38013553619385,194.22551810741425,220.74319066147868
2021-11-17,262.4615804765941,183.7339183986187,185.4369152225554,194.25016198679805,221.78093385214015
2021-11-18,263.51942117717516,196.30640050768852,188.61557537689805,199.22349916025996,232.84007782101176
2021-11-19,274.79104248376046,198.5514323413372,198.6574426330626,213.89078794047236,234.55077821011682
2021-11-20,276.6201866022321,198.67812621593475,198.70397560670972,213.976627971977,234.7235408560312
