datetime,CONUS_hourly_precip_mm,UCLA_hourly_precip_mm
2021-11-12 00:00:00,3.543472,
2021-11-12 01:00:00,3.2354012,4.88052
2021-11-12 02:00:00,3.9395938,6.4912157
2021-11-12 03:00:00,3.5597334,4.559244
2021-11-12 04:00:00,3.5262778,4.5819807
2021-11-12 05:00:00,4.1222095,4.6304216
2021-11-12 06:00:00,3.633196,5.9217963
2021-11-12 07:00:00,1.8495036,3.8050184
2021-11-12 08:00:00,2.0033002,2.6240242
2021-11-12 09:00:00,2.8512232,1.961464
2021-11-12 10:00:00,2.6878393,2.1729522
2021-11-12 11:00:00,1.9009229,2.6813924
2021-11-12 12:00:00,1.2648402,3.224536
2021-11-12 13:00:00,1.4170952,3.587402
2021-11-12 14:00:00,1.2989048,4.11491
2021-11-12 15:00:00,1.070758,4.07176
2021-11-12 16:00:00,0.9638232,3.8747785
2021-11-12 17:00:00,1.1462064,3.0267768
2021-11-12 18:00:00,1.4557822,2.9995556
2021-11-12 19:00:00,1.7357556,2.552143
2021-11-12 20:00:00,1.8156264,1.5933377
2021-11-12 21:00:00,1.9449079,0.9180952
2021-11-12 22:00:00,1.6421727,0.703954
2021-11-12 23:00:00,0.9457554,0.5911781
2021-11-13 00:00:00,0.44156393,0.5753884
2021-11-13 01:00:00,0.3142043,0.31852692
2021-11-13 02:00:00,0.47750488,0.23684941
2021-11-13 03:00:00,0.52557325,0.21219589
2021-11-13 04:00:00,0.2984049,0.18065317
2021-11-13 05:00:00,0.05521633,0.08279637
2021-11-13 06:00:00,0.007743401,0.05638652
2021-11-13 07:00:00,0.0066340906,0.036196027
2021-11-13 08:00:00,0.0074868714,0.03137487
2021-11-13 09:00:00,0.008566775,0.022268489
2021-11-13 10:00:00,0.0073198555,0.013393168
2021-11-13 11:00:00,0.0029835862,0.0071713193
2021-11-13 12:00:00,0.001227721,0.004668878
2021-11-13 13:00:00,0.0032559317,0.00493326
2021-11-13 14:00:00,0.004749978,0.0030442842
2021-11-13 15:00:00,0.0028942572,0.0020060637
2021-11-13 16:00:00,0.00068480574,0.0016055983
2021-11-13 17:00:00,2.8740627e-05,0.00045869788
2021-11-13 18:00:00,4.77877e-06,5.293866e-06
2021-11-13 19:00:00,0.0001718191,0.0
2021-11-13 20:00:00,0.040647425,4.9201808e-05
2021-11-13 21:00:00,0.29443866,0.0017024449
2021-11-13 22:00:00,0.92611986,0.027624637
2021-11-13 23:00:00,1.723394,0.14299229
2021-11-14 00:00:00,1.9100463,0.15486363
2021-11-14 01:00:00,1.8812109,0.2075133
2021-11-14 02:00:00,2.851928,0.7418914
2021-11-14 03:00:00,4.2484846,1.9353815
2021-11-14 04:00:00,3.9195428,3.486717
2021-11-14 05:00:00,4.25543,4.559669
2021-11-14 06:00:00,4.62268,5.3885236
2021-11-14 07:00:00,3.8941736,5.680593
2021-11-14 08:00:00,3.043179,5.879429
2021-11-14 09:00:00,2.2461777,4.700632
2021-11-14 10:00:00,1.2428542,2.9983542
2021-11-14 11:00:00,0.8821779,2.4890983
2021-11-14 12:00:00,0.96851337,2.0379324
2021-11-14 13:00:00,1.0984973,1.7149711
2021-11-14 14:00:00,0.9978691,1.2076111
2021-11-14 15:00:00,0.9739627,0.9551267
2021-11-14 16:00:00,1.022623,0.8331349
2021-11-14 17:00:00,1.1657726,0.7096131
2021-11-14 18:00:00,1.236408,0.68105143
2021-11-14 19:00:00,1.3008155,0.74461985
2021-11-14 20:00:00,1.5800089,0.73352236
2021-11-14 21:00:00,1.7789574,0.80141246
2021-11-14 22:00:00,2.0904212,1.2380452
2021-11-14 23:00:00,2.3210356,1.5854608
2021-11-15 00:00:00,2.321493,1.7566516
2021-11-15 01:00:00,2.2895448,1.9325998
2021-11-15 02:00:00,2.368543,2.123304
2021-11-15 03:00:00,2.5268497,2.0008368
2021-11-15 04:00:00,2.8816361,1.5048094
2021-11-15 05:00:00,2.6963623,1.3748057
2021-11-15 06:00:00,2.1299865,1.0832794
2021-11-15 07:00:00,2.2190385,0.87385
2021-11-15 08:00:00,1.9546285,0.79403657
2021-11-15 09:00:00,1.5780989,0.7646469
2021-11-15 10:00:00,1.873159,0.6113795
2021-11-15 11:00:00,2.226753,0.43931985
2021-11-15 12:00:00,2.633021,0.4997674
2021-11-15 13:00:00,3.2015483,1.2894343
2021-11-15 14:00:00,3.3940227,2.4526896
2021-11-15 15:00:00,2.7128036,3.4754038
2021-11-15 16:00:00,2.0066257,4.7996063
2021-11-15 17:00:00,1.7998819,5.368959
2021-11-15 18:00:00,4.011641,5.3816934
2021-11-15 19:00:00,5.2236094,5.2383337
2021-11-15 20:00:00,5.506947,5.279343
2021-11-15 21:00:00,4.4891973,4.642437
2021-11-15 22:00:00,2.3703213,2.9879153
2021-11-15 23:00:00,0.9862408,1.0349227
2021-11-16 00:00:00,0.5049578,0.5535873
2021-11-16 01:00:00,0.622368,0.59121764
2021-11-16 02:00:00,0.73098,0.63427234
2021-11-16 03:00:00,0.6705031,0.6200524
2021-11-16 04:00:00,0.34202364,0.5019936
2021-11-16 05:00:00,0.18908581,0.43870294
2021-11-16 06:00:00,0.24117705,0.31336758
2021-11-16 07:00:00,0.27539042,0.2858214
2021-11-16 08:00:00,0.108103864,0.31740242
2021-11-16 09:00:00,0.7056411,0.36402863
2021-11-16 10:00:00,1.0451369,0.3659073
2021-11-16 11:00:00,1.0467447,0.39271545
2021-11-16 12:00:00,1.1840273,0.36790746
2021-11-16 13:00:00,1.0782869,0.34989804
2021-11-16 14:00:00,0.5551859,0.32473195
2021-11-16 15:00:00,0.37296683,0.2915665
2021-11-16 16:00:00,0.25619614,0.21365294
2021-11-16 17:00:00,0.25264946,0.1781638
2021-11-16 18:00:00,0.15811895,0.16975558
2021-11-16 19:00:00,0.11791546,0.10680405
2021-11-16 20:00:00,0.18023913,0.059918772
2021-11-16 21:00:00,0.11704797,0.030275928
2021-11-16 22:00:00,0.07749806,0.019061964
2021-11-16 23:00:00,0.07580297,0.015770737
2021-11-17 00:00:00,0.051480565,0.012979624
2021-11-17 01:00:00,0.020375522,0.012682234
2021-11-17 02:00:00,0.026234964,0.0045598866
2021-11-17 03:00:00,0.00813571,0.0032351746
2021-11-17 04:00:00,0.0011034526,0.0020742612
2021-11-17 05:00:00,4.0144434e-05,0.0011388039
2021-11-17 06:00:00,4.6310665e-06,0.00065083406
2021-11-17 07:00:00,9.730004e-07,0.0002734126
2021-11-17 08:00:00,1.6994746e-06,3.0517578e-05
2021-11-17 09:00:00,1.7560931e-06,0.0
2021-11-17 10:00:00,6.018971e-07,0.0
2021-11-17 11:00:00,5.558206e-07,0.0
2021-11-17 12:00:00,6.0716746e-07,0.0
2021-11-17 13:00:00,3.5792846e-07,0.0
2021-11-17 14:00:00,1.00089444e-07,0.0
2021-11-17 15:00:00,1.6991377e-08,0.0
2021-11-17 16:00:00,5.829862e-09,0.0
2021-11-17 17:00:00,8.7297725e-10,0.0
2021-11-17 18:00:00,0.0,0.0
2021-11-17 19:00:00,0.0,0.0
2021-11-17 20:00:00,0.0,0.0
2021-11-17 21:00:00,0.0,0.0
2021-11-17 22:00:00,0.0,0.0
2021-11-17 23:00:00,0.0,0.0
2021-11-18 00:00:00,0.0,0.0
2021-11-18 01:00:00,0.0,0.0
2021-11-18 02:00:00,0.0,0.0
2021-11-18 03:00:00,0.0,0.0
2021-11-18 04:00:00,0.0,0.0
2021-11-18 05:00:00,0.0,0.0
2021-11-18 06:00:00,0.0,3.1140385e-07
2021-11-18 07:00:00,0.0,0.00040108818
2021-11-18 08:00:00,0.0,4.6399175e-05
2021-11-18 09:00:00,0.0,0.00021362305
2021-11-18 10:00:00,0.0,0.00092922914
2021-11-18 11:00:00,8.572922e-06,0.0
2021-11-18 12:00:00,6.316692e-06,0.0
2021-11-18 13:00:00,1.4593844e-05,0.00012207031
2021-11-18 14:00:00,0.00010916882,0.00013390365
2021-11-18 15:00:00,8.681352e-05,0.0066693365
2021-11-18 16:00:00,9.435334e-07,0.053374
2021-11-18 17:00:00,5.2437063e-06,0.15019569
2021-11-18 18:00:00,0.0010553646,0.31275848
2021-11-18 19:00:00,0.09158992,0.35983026
2021-11-18 20:00:00,0.39463472,0.3144002
2021-11-18 21:00:00,0.5956316,0.62696743
2021-11-18 22:00:00,0.48527312,1.033569
2021-11-18 23:00:00,0.6178371,1.0184118
2021-11-19 00:00:00,0.965064,1.095312
2021-11-19 01:00:00,1.2336051,1.143924
2021-11-19 02:00:00,1.1716675,1.0879909
2021-11-19 03:00:00,0.8591078,1.1377645
2021-11-19 04:00:00,0.9444865,1.2990452
2021-11-19 05:00:00,1.004897,1.4503495
2021-11-19 06:00:00,0.9869957,1.19833
2021-11-19 07:00:00,0.8597434,1.0638151
2021-11-19 08:00:00,0.6829248,1.1527507
2021-11-19 09:00:00,0.559295,1.2561072
2021-11-19 10:00:00,0.33292562,1.4412353
2021-11-19 11:00:00,0.24796417,0.9552843
2021-11-19 12:00:00,0.43465745,0.7798988
2021-11-19 13:00:00,0.4459346,0.51577854
2021-11-19 14:00:00,0.17276736,0.1649581
2021-11-19 15:00:00,0.014366731,0.01830681
2021-11-19 16:00:00,0.0023411543,0.0007000359
2021-11-19 17:00:00,0.002286897,0.00024102659
2021-11-19 18:00:00,0.0020278553,8.2210616e-05
2021-11-19 19:00:00,0.0003770927,7.4736927e-06
2021-11-19 20:00:00,0.00011138308,5.231585e-05
2021-11-19 21:00:00,0.00020156478,0.00011210539
2021-11-19 22:00:00,0.00037741143,0.00013764051
2021-11-19 23:00:00,0.001241253,1.8684232e-05
2021-11-20 00:00:00,0.002305034,0.0003942373
2021-11-20 01:00:00,0.0018646991,0.0023685377
2021-11-20 02:00:00,0.00086632196,0.005594059
2021-11-20 03:00:00,0.0006303713,0.006021928
2021-11-20 04:00:00,0.00014670847,0.0056725326
2021-11-20 05:00:00,4.0756953e-05,0.0030090956
2021-11-20 06:00:00,0.00014660538,0.0017510239
2021-11-20 07:00:00,0.0004510767,0.0010226503
2021-11-20 08:00:00,0.0007960787,0.0011036153
2021-11-20 09:00:00,0.00092474447,0.0013209751
2021-11-20 10:00:00,0.0008243295,0.002533893
2021-11-20 11:00:00,0.0010295204,0.0038850745
2021-11-20 12:00:00,0.0017082365,0.005607138
2021-11-20 13:00:00,0.0025198248,0.006698297
2021-11-20 14:00:00,0.0033163957,0.008242548
2021-11-20 15:00:00,0.0034182866,0.009074931
2021-11-20 16:00:00,0.004444074,0.009751923
2021-11-20 17:00:00,0.005328186,0.006775214
2021-11-20 18:00:00,0.005431228,0.003235486
2021-11-20 19:00:00,0.0032466124,0.0013437077
2021-11-20 20:00:00,0.0020621049,0.0005642638
2021-11-20 21:00:00,0.0023492975,0.0001444914
2021-11-20 22:00:00,0.0021268246,8.532466e-05
2021-11-20 23:00:00,0.0015561201,3.612285e-05
